<?xml version="1.0"?>

<model-hints>
	<model name="es.uib.owu.liferay.cas.model.CasServiceUtil">
		<field name="casServiceId" type="long" />
		<field name="proxyGrantingTicketIou" type="String" />
		<field name="proxyGrantingTicket" type="String" />
		<field name="groupId" type="long" />
		<field name="companyId" type="long" />
		<field name="userId" type="long" />
		<field name="userName" type="String" />
		<field name="createDate" type="Date" />
		<field name="modifiedDate" type="Date" />
	</model>
</model-hints>