<?xml version="1.0"?>

<entity-mappings xmlns="http://java.sun.com/xml/ns/persistence/orm" xmlns:xsi="http://www.w3.org/2001/XMLSchema-instance" version="1.0" xsi:schemaLocation="http://java.sun.com/xml/ns/persistence/orm http://java.sun.com/xml/ns/persistence/orm_1_0.xsd">
	<persistence-unit-metadata>
		<xml-mapping-metadata-complete/>
		<persistence-unit-defaults>
			<access>PROPERTY</access>
		</persistence-unit-defaults>
	</persistence-unit-metadata>
	<mapped-superclass class="es.uib.owu.liferay.cas.model.impl.CasServiceUtilModelImpl">
		<attributes>
			<id name="casServiceId" />
			<basic name="proxyGrantingTicketIou" />
			<basic name="proxyGrantingTicket" />
			<basic name="groupId" />
			<basic name="companyId" />
			<basic name="userId" />
			<basic name="userName" />
			<basic name="createDate">
				<temporal>TIMESTAMP</temporal>
			</basic>
			<basic name="modifiedDate">
				<temporal>TIMESTAMP</temporal>
			</basic>
			<transient name="modelAttributes" />
			<transient name="primaryKey" />
			<transient name="primaryKeyObj" />
			<transient name="userUuid" />
		</attributes>
	</mapped-superclass>
	<entity class="es.uib.owu.liferay.cas.model.impl.CasServiceUtilImpl" name="CasServiceUtil">
		<table name="casutil_CasServiceUtil" />
		<attributes />
	</entity>
</entity-mappings>