<?xml version="1.0"?>
<!DOCTYPE hibernate-mapping PUBLIC "-//Hibernate/Hibernate Mapping DTD 3.0//EN" "http://hibernate.sourceforge.net/hibernate-mapping-3.0.dtd">

<hibernate-mapping default-lazy="false" auto-import="false">
	<import class="es.uib.owu.liferay.cas.model.CasServiceUtil" />
	<class name="es.uib.owu.liferay.cas.model.impl.CasServiceUtilImpl" table="casutil_CasServiceUtil">
		<id name="casServiceId" type="long">
			<generator class="assigned" />
		</id>
		<property name="proxyGrantingTicketIou" type="com.liferay.portal.dao.orm.hibernate.StringType" />
		<property name="proxyGrantingTicket" type="com.liferay.portal.dao.orm.hibernate.StringType" />
		<property name="groupId" type="com.liferay.portal.dao.orm.hibernate.LongType" />
		<property name="companyId" type="com.liferay.portal.dao.orm.hibernate.LongType" />
		<property name="userId" type="com.liferay.portal.dao.orm.hibernate.LongType" />
		<property name="userName" type="com.liferay.portal.dao.orm.hibernate.StringType" />
		<property name="createDate" type="org.hibernate.type.TimestampType" />
		<property name="modifiedDate" type="org.hibernate.type.TimestampType" />
	</class>
</hibernate-mapping>